-- phpMyAdmin SQL Dump
-- version 5.2.1
-- https://www.phpmyadmin.net/
--
-- 主機： 127.0.0.1
-- 產生時間： 2025-08-01 17:30:44
-- 伺服器版本： 10.4.32-MariaDB
-- PHP 版本： 8.2.12

SET SQL_MODE = "NO_AUTO_VALUE_ON_ZERO";
START TRANSACTION;
SET time_zone = "+00:00";


/*!40101 SET @OLD_CHARACTER_SET_CLIENT=@@CHARACTER_SET_CLIENT */;
/*!40101 SET @OLD_CHARACTER_SET_RESULTS=@@CHARACTER_SET_RESULTS */;
/*!40101 SET @OLD_COLLATION_CONNECTION=@@COLLATION_CONNECTION */;
/*!40101 SET NAMES utf8mb4 */;

--
-- 資料庫： `edema`
--

-- --------------------------------------------------------

--
-- 資料表結構 `account`
--

CREATE TABLE `account` (
  `id` int(11) NOT NULL,
  `username` varchar(30) NOT NULL,
  `password` varchar(30) NOT NULL
) ENGINE=InnoDB DEFAULT CHARSET=utf8mb4 COLLATE=utf8mb4_general_ci;

--
-- 傾印資料表的資料 `account`
--

INSERT INTO `account` (`id`, `username`, `password`) VALUES
(1, 'admin', 'admin');

-- --------------------------------------------------------

--
-- 資料表結構 `device_table`
--

CREATE TABLE `device_table` (
  `test_id` int(11) NOT NULL
) ENGINE=InnoDB DEFAULT CHARSET=utf8mb4 COLLATE=utf8mb4_general_ci;

-- --------------------------------------------------------

--
-- 資料表結構 `foot_data`
--

CREATE TABLE `foot_data` (
  `id` int(11) NOT NULL,
  `patient_id` int(11) NOT NULL,
  `measurement_time` datetime DEFAULT current_timestamp(),
  `notified` int(10) DEFAULT NULL,
  `point` varchar(767) DEFAULT NULL,
  `point2` varchar(767) DEFAULT NULL,
  `d_measurement` int(11) NOT NULL,
  `circumference` int(11) NOT NULL,
  `area` int(11) NOT NULL,
  `photo_path` varchar(100) NOT NULL,
  `remark` varchar(200) DEFAULT NULL
) ENGINE=InnoDB DEFAULT CHARSET=utf8mb4 COLLATE=utf8mb4_general_ci;

--
-- 傾印資料表的資料 `foot_data`
--

INSERT INTO `foot_data` (`id`, `patient_id`, `measurement_time`, `notified`, `point`, `point2`, `d_measurement`, `circumference`, `area`, `photo_path`, `remark`) VALUES
(1, 1, '2025-05-11 17:13:12', 0, '[120,20.1,22.6,33.5,66.3]', NULL, 0, 0, 0, '', ''),
(2, 1, '2025-05-26 17:45:17', 0, '[23,50,63.6,98.5,20.1,66,3.1]', NULL, 0, 0, 0, '', ''),
(3, 2, '2025-06-06 00:19:42', 0, '[123.33,54.45,64.454,23.32]', NULL, 0, 0, 0, '', ''),
(4, 2, '2025-06-06 00:21:31', 0, '[12.15,26,56,66,22,25,66,52,35]', NULL, 0, 0, 0, '', ''),
(5, 9, '2025-07-05 17:29:17', 0, '[20.1,20.1,20.1,20.2,20.3,20.0,20.4,20.1,19.9,20.4,19.9,20.6,20.3,20.0,20.0,19.9,20.6,20.1,20.5,20.2,20.5,20.5,20.6,20.3,20.4,20.2,19.3,19.7,20.2,19.6,20.4,20.2,19.7,20.5,20.2,20.0,20.0,20.0,20.4,19.7,20.0,20.3,19.5,19.7,20.8,20.1,20.2,20.1,19.8,19.7,20.6,20.0,19.9,19.9,20.0,20.3,20.2,20.2,20.5,20.3,20.2,19.7,19.6,19.7,20.6,20.4,20.4,19.7,19.7,20.0,20.3,20.3,20.1,19.7,20.2,20.0,20.3,20.0,19.8,19.8,20.5,20.2,20.3,20.0,20.1,20.7,20.0,19.9,19.7,19.6,19.5,19.9,20.4,19.9,20.1,20.6,19.5,19.6,19.8,20.2,19.9,20.1,20.4,20.1,19.9,20.3,20.7,20.6,19.9,20.3,19.8,19.7,20.2,20.1,20.7,19.5,20.1,19.8,20.2,20.3,20.4,20.2,19.9,19.9,20.2,19.5,20.1,20.2,20.2,19.9,20.1,20.1,20.4,19.7,20.4]', '[20.1,20.0,19.4,20.3,19.8,20.0,20.2,20.2,20.2,20.0,20.2,20.2,19.6,19.5,19.7,20.6,20.2,19.8,20.6,19.6,20.0,19.8,20.0,20.2,20.2,20.0,20.0,19.7,19.5,20.0,19.7,20.1,19.8,20.3,20.1,20.2,20.6,20.1,19.8,19.9,20.2,20.2,19.3,20.0,19.3,19.7,20.0,19.7,20.1,19.9,20.0,19.6,20.0,20.2,19.3,20.3,20.0,20.0,20.5,19.5,20.1,20.2,20.1,20.0,20.2,19.5,19.4,19.9,20.8,19.8,20.1,19.8,19.9,19.8,20.0,20.0,19.8,19.6,19.7,19.9,19.9,20.5,20.2,20.1,20.2,19.9,20.2,20.1,19.4,20.0,19.7,19.8,19.8,20.3,20.4,19.6,19.4,20.1,19.8,19.5,20.1,20.2,19.7,19.7,19.2,20.1,19.5,20.4,19.6,20.5,19.7,19.5,20.1,19.7,20.4,19.8,19.2,20.1,20.3,20.3,20.0,19.5,20.4,19.6,19.9,20.2,19.5,19.9,20.4,20.4,20.1,19.9,19.8,19.9,19.8]', 0, 0, 0, '', ''),
(6, 9, '2025-07-05 17:39:28', 0, '[17.1,17.3,17.3,16.6,16.9,16.9,17.0,17.2,16.9,16.9,17.0,16.7,17.1,16.9,16.6,17.3,16.5,17.2,17.2,16.4,16.8,16.8,16.5,16.6,17.0,16.9,16.9,16.8,16.7,16.8,16.9,16.8,16.9,16.7,17.3,16.9,16.7,16.9,16.7,16.7,16.8,16.4,17.0,16.9,17.0,16.2,17.2,17.0,16.6,16.7,16.7,16.9,16.9,17.0,17.0,16.9,16.9,16.8,16.7,16.1,16.7,17.3,16.7,17.0,16.5,17.0,17.0,17.1,16.9,16.7,16.8,16.9,17.1,16.9,16.6,16.9,16.7,16.6,16.6,17.0,16.6,16.5,16.4,16.8,16.7,16.5,16.7,16.4,16.9,17.0,16.8,16.7,16.7,17.0,16.8,17.1,16.7,16.9,16.3,16.7,16.8,16.8,16.6,16.4,16.9,16.8,16.7,16.7,16.7,17.3,16.5,16.7,16.6,16.8,16.8,17.1,16.9,16.3,16.8,16.6,17.0,16.6,16.6,16.8,16.9,16.5,17.3,16.8,16.8,17.1,16.6,16.0,16.7,16.6,16.6]', '[16.5,16.5,16.9,17.1,16.9,16.9,17.0,16.3,17.2,16.4,16.8,16.4,16.8,16.9,17.2,16.9,17.3,16.5,16.6,16.9,17.1,16.7,17.0,17.1,16.6,16.6,16.5,17.0,16.8,16.7,16.4,16.6,16.2,17.1,17.0,17.1,16.3,16.4,16.5,16.8,16.8,17.1,16.9,16.9,16.6,16.8,16.4,16.8,16.8,16.6,16.9,16.8,16.8,16.6,16.5,16.5,16.3,16.9,16.6,16.6,16.7,16.9,16.7,16.9,16.9,16.8,16.7,16.7,16.8,16.1,16.8,16.5,16.3,16.6,16.6,16.6,16.4,16.7,16.7,17.0,16.2,16.5,16.8,16.8,16.7,16.8,17.3,16.9,17.2,16.8,16.8,17.0,16.7,17.0,16.8,16.2,16.9,16.2,16.8,16.8,16.7,16.9,16.5,17.0,16.8,17.3,16.4,16.9,16.9,16.7,17.0,16.7,17.4,16.6,16.1,16.7,16.9,16.6,16.6,16.2,17.0,16.7,16.4,16.7,17.0,16.8,17.0,17.0,17.1,16.8,16.6,16.9,16.9,16.6,16.3]', 0, 0, 0, '', ''),
(7, 9, '2025-07-05 18:07:24', 0, '[16.6,16.6,17.0,16.5,16.6,16.5,16.3,16.8,16.8,16.9,16.5,16.8,16.5,16.7,16.5,16.7,16.3,16.9,16.5,16.6,17.1,16.3,17.3,16.2,16.9,16.1,16.7,16.2,17.0,16.7,16.0,16.5,16.9,16.3,17.0,16.9,16.9,17.1,17.1,16.3,16.5,16.8,17.2,16.8,16.6,16.9,16.8,16.4,16.4,16.7,16.5,16.7,17.2,16.5,16.9,16.2,16.2,17.3,17.3,16.5,16.8,16.5,16.7,16.6,16.8,16.6,16.8,16.8,16.5,16.7,16.0,17.0,16.4,16.9,16.9,16.5,16.2,16.6,16.4,16.7,16.8,16.8,17.1,16.5,16.6,16.4,17.1,16.9,17.3,16.9,16.5,16.8,16.6,16.7,16.4,16.6,16.6,17.1,17.1,16.8,16.9,16.6,16.9,17.0,16.9,16.8,17.2,16.8,16.9,16.7,16.8,16.9,16.5,16.4,16.9,16.3,16.5,16.8,17.1,16.6,16.5,16.5,16.6,16.9,17.1,16.9,17.2,17.1,16.9,16.5,16.8,16.7,16.5,16.2,16.7]', '[16.0,16.4,16.6,16.5,16.4,16.6,16.3,16.6,16.6,16.5,16.4,16.8,16.7,16.5,16.9,17.1,16.8,16.6,16.9,16.4,16.4,16.8,17.3,16.9,16.8,16.7,16.7,17.1,17.0,16.3,16.3,16.5,16.9,16.4,16.2,16.3,16.5,16.7,17.1,16.9,16.8,16.8,16.2,16.3,16.6,16.4,16.5,16.7,17.0,15.9,16.3,16.3,16.6,16.4,16.5,16.9,16.8,16.5,16.8,16.6,16.5,16.7,16.5,16.3,16.9,16.7,16.6,16.6,16.6,16.6,16.7,17.2,17.0,16.8,16.6,16.7,16.7,16.4,16.8,16.0,16.4,16.9,16.6,16.4,16.2,16.6,16.4,16.9,16.8,16.8,16.7,16.5,17.0,16.6,16.6,16.5,16.6,16.8,16.7,16.7,16.6,16.4,16.5,15.8,16.7,16.7,16.5,16.5,16.2,16.1,16.7,16.4,16.9,16.1,16.3,16.2,16.7,16.4,16.1,16.8,16.6,17.1,16.4,16.9,16.6,16.5,16.4,16.6,17.3,16.7,16.2,16.8,16.2,16.5,16.0]', 0, 0, 0, '', ''),
(8, 9, '2025-07-05 18:11:43', 0, '[16.7,17.3,17.1,16.6,17.1,17.0,16.9,16.8,17.1,17.2,16.8,17.1,16.6,17.0,17.3,17.5,16.6,16.8,16.7,17.0,17.8,16.6,17.5,16.9,17.4,17.2,17.3,17.1,17.0,16.9,17.3,17.4,17.2,17.2,17.1,17.4,16.7,17.1,16.7,16.7,17.4,17.4,17.1,16.8,16.9,17.2,17.3,17.3,17.3,17.2,16.8,17.2,17.2,16.9,17.0,17.1,16.9,16.7,16.7,16.7,16.9,17.2,17.1,17.5,17.1,17.7,16.9,17.3,16.4,16.9,17.3,16.9,16.8,16.8,16.9,16.8,16.8,17.4,16.9,17.3,17.1,16.8,16.9,17.8,17.3,16.8,16.8,16.9,16.7,16.7,17.2,17.0,16.4,16.7,16.6,17.7,17.5,16.4,16.8,16.9,16.8,16.8,16.8,16.5,16.7,16.9,17.3,16.9,17.5,16.5,17.1,17.0,16.5,16.9,16.7,16.9,16.9,16.9,16.7,16.4,16.9,17.3,16.9,17.1,17.0,16.9,16.6,17.0,17.3,16.9,17.0,17.4,16.7,16.9,16.9]', '[17.0,16.9,17.5,17.2,17.3,16.7,17.2,16.7,17.0,17.2,16.6,17.0,17.0,16.9,16.6,16.8,16.9,16.9,16.8,17.1,16.5,16.8,17.0,17.6,16.6,17.0,17.0,17.5,17.0,16.8,17.3,16.7,16.9,16.4,17.5,17.2,16.6,17.1,17.3,16.6,16.7,16.8,17.0,16.5,17.2,17.4,17.0,17.1,16.5,17.2,16.6,17.4,17.2,17.3,16.7,16.6,16.9,17.1,16.8,16.6,17.3,17.2,17.0,16.9,17.2,17.2,16.5,17.6,16.7,17.0,16.7,17.4,17.1,16.7,16.7,16.3,17.2,16.6,16.9,17.0,16.9,17.2,16.9,16.8,16.7,17.1,17.3,17.1,16.7,16.8,16.5,17.0,17.2,17.3,17.3,17.1,17.5,17.0,17.5,17.0,17.0,17.0,17.2,16.6,17.2,17.0,17.0,16.6,17.0,16.6,17.1,16.8,16.8,16.7,17.6,17.0,17.2,17.0,16.9,16.5,17.1,16.9,17.4,17.4,17.0,16.8,16.9,16.8,17.3,16.7,16.8,17.3,16.9,16.9,16.6]', 0, 0, 0, '', ''),
(9, 9, '2025-07-05 18:13:00', 0, '[17.6,17.1,16.9,17.1,16.9,17.2,16.9,16.8,16.7,16.6,17.3,16.9,16.9,16.4,16.8,16.9,16.8,16.1,16.9,16.8,16.7,16.9,16.7,16.6,16.7,16.7,16.5,16.7,16.6,16.8,16.7,16.9,16.9,16.7,16.5,16.6,16.7,17.1,16.6,16.8,16.7,16.9,16.5,16.9,16.7,16.6,16.8,16.6,16.7,16.5,17.0,16.9,16.8,16.8,16.5,16.5,16.9,16.7,16.9,16.5,17.0,17.0,16.8,16.7,17.1,16.7,16.9,16.6,16.8,16.8,16.7,16.5,16.5,16.7,16.7,17.0,16.3,16.2,16.9,16.8,16.4,16.4,17.3,16.9,16.5,17.2,16.9,16.3,16.5,16.6,16.6,16.8,16.9,16.7,17.0,17.2,16.6,16.9,16.6,16.5,16.9,17.1,16.8,16.7,16.9,17.0,16.9,16.9,17.3,16.7,16.5,16.4,16.8,17.0,16.9,16.8,17.0,16.6,16.8,16.9,16.9,16.9,16.7,16.9,16.7,16.8,17.0,16.9,17.1,16.6,16.7,16.9,16.4,16.7,16.6]', '[17.0,16.6,16.3,16.2,16.7,17.0,16.6,16.4,17.0,16.8,16.6,16.6,16.8,16.7,16.5,17.1,16.5,16.6,17.2,16.7,16.5,16.6,16.4,16.9,16.6,17.2,16.5,16.5,16.4,16.5,17.2,16.6,16.2,16.5,16.6,16.6,16.8,16.8,17.0,16.7,16.9,16.8,16.9,17.1,16.7,16.8,16.8,16.6,16.4,17.0,16.8,16.9,17.0,16.7,16.8,16.8,16.6,16.5,16.9,16.6,16.7,16.6,16.5,16.5,16.7,16.8,16.8,16.7,16.4,16.9,16.9,17.2,16.3,16.9,16.7,16.6,17.0,17.0,16.9,16.4,16.8,16.5,16.4,16.9,16.6,16.6,16.5,16.7,17.0,16.0,16.8,16.1,16.7,16.7,16.9,16.7,16.9,16.6,17.0,16.3,17.0,16.6,16.5,16.6,16.5,16.8,16.9,16.1,16.7,16.4,16.9,16.6,16.9,16.6,16.9,16.6,16.3,16.3,16.9,16.7,16.9,16.4,16.6,16.9,16.4,16.7,16.0,17.0,16.9,16.9,16.6,16.8,16.9,16.6,16.7]', 10, 11, 0, '', ''),
(10, 9, '2025-07-21 22:01:04', 0, '[4.9,5.1,5.1,4.9,5.0,5.0,5.1,5.0,5.1,4.8,4.9,4.9,5.2,5.0,4.9,5.0,5.1,5.1,5.3,5.3,5.1,5.1,4.7,5.3,5.1,5.1,5.3,5.2,5.5,4.9,5.4,5.0,5.3,5.4,5.1,4.8,5.0,5.0,5.0,5.1,5.3,5.3,5.2,5.0,5.1,5.2,5.0,5.2,5.3,5.2,5.0,4.9,5.2,5.2,5.3,5.1,5.2,5.2,5.0,5.2,5.2,5.1,5.2,5.2,5.2,4.9,5.1,5.4,5.2,5.4,5.1,5.3,5.1,5.2,5.0,5.0,5.2,5.0,5.3,5.2,5.2,5.1,5.2,5.0,5.3,5.4,5.2,5.3,5.1,5.1,4.9,4.8,5.3,5.3,5.1,5.2,5.2,5.1,5.3,5.2,5.2,4.7,5.0,5.5,5.2,5.4,5.1,4.8,5.1,4.9,4.9,5.1,5.4,5.3,4.9,5.2,5.2,5.1,4.7,5.2,5.3,5.0,5.2,5.3,5.2,5.0,5.2,5.3,5.2,5.0,5.6,5.4,5.3,5.1,5.2]', '[5.4,5.1,5.2,5.3,5.3,5.3,5.2,5.2,5.1,5.2,5.3,5.3,5.2,5.1,5.3,4.9,5.1,5.0,5.4,4.9,5.3,5.4,5.0,5.3,5.2,5.0,5.1,5.3,4.9,5.4,5.1,5.1,5.2,5.4,5.1,5.1,5.1,5.1,5.0,5.1,5.2,5.3,5.3,5.2,5.3,4.9,5.1,5.3,5.3,5.7,5.1,5.3,5.2,5.7,5.3,5.5,5.1,5.4,5.4,5.4,5.7,10.0,12.8,18.2,22.6,28.7,24.2,18.9,14.7,10.0,8.3,7.9,7.6,7.1,5.8,5.3,5.3,5.5,5.5,5.5,5.5,5.3,5.2,5.1,5.2,5.4,5.3,5.3,5.2,5.3,5.1,5.1,5.3,5.3,5.3,5.1,5.3,5.3,5.3,5.5,5.3,5.6,5.4,5.7,5.3,5.3,5.4,5.5,5.3,5.3,5.6,5.3,5.6,5.5,5.5,5.7,5.4,5.3,5.4,5.4,5.5,5.5,5.9,5.2,5.4,5.4,5.6,5.8,5.4,5.3,5.3,5.3,5.5,5.1,5.2]', 12, 15, 0, '', ''),
(11, 9, '2025-07-21 22:15:31', 0, '[47.6,47.9,47.6,47.5,48.3,47.8,46.9,47.5,47.2,47.3,47.6,47.7,47.1,48.0,48.0,48.2,47.6,47.2,47.8,47.3,47.3,47.7,47.5,47.0,46.8,47.2,46.8,47.5,46.8,46.8,46.9,46.6,46.5,46.0,46.3,46.5,46.1,46.1,46.6,45.8,46.3,46.5,46.2,45.4,44.9,45.1,45.2,44.3,44.1,42.3,40.4,36.8,32.3,31.4,31.3,31.2,30.9,30.3,30.2,31.3,32.0,32.4,32.2,32.5,33.4,33.7,34.1,34.9,34.5,35.3,37.1,36.6,36.9,36.8,37.3,37.9,38.4,38.5,39.8,40.2,40.3,40.3,41.0,42.0,42.2,43.0,43.3,43.2,44.3,44.2,45.0,44.7,45.2,44.6,43.4,42.1,35.6,30.4,28.0,28.2,36.6,37.4,35.1,32.3,30.8,25.8,11.8,6.7,5.9,5.4,5.4,5.8,5.6,5.4,5.6,5.1,5.2,5.5,5.8,5.7,5.7,5.6,5.9,5.9,5.9,6.0,5.7,5.9,6.1,5.9,5.9,5.9,5.9,6.0,5.9]', '[5.9,5.7,5.8,5.8,5.8,5.9,5.8,6.1,5.9,5.8,6.0,6.0,5.7,5.9,5.7,5.9,5.8,6.0,5.9,5.4,6.0,6.1,6.1,5.9,5.7,5.5,5.8,6.0,6.2,5.9,5.9,6.0,5.9,5.8,5.9,5.8,5.8,5.7,5.8,5.8,5.7,6.0,6.0,5.8,6.0,6.3,5.8,6.0,5.9,6.2,6.1,5.7,5.9,6.0,5.7,5.9,6.0,5.9,6.2,5.9,6.0,5.9,6.0,5.8,5.9,5.8,6.0,6.0,5.5,6.0,5.6,5.8,5.8,6.0,6.0,5.7,5.9,6.1,5.7,5.8,6.0,5.6,5.6,5.8,5.9,5.8,5.8,5.6,5.8,5.6,5.9,5.9,5.9,5.6,5.8,5.7,6.2,5.8,6.0,6.1,5.9,6.0,5.7,6.0,5.8,6.0,5.8,6.0,6.0,6.0,6.0,5.7,5.9,5.9,5.8,5.8,6.0,6.0,5.9,5.7,6.0,5.7,5.9,5.8,6.0,6.0,5.8,5.9,5.7,5.7,5.9,5.7,5.8,5.7,6.0]', 11, 13, 0, '', ''),
(12, 9, '2025-07-21 22:29:41', 0, '[32.6,32.4,33.1,32.3,30.2,31.1,30.4,31.8,32.4,33.1,30.0,10.0,10.0,10.0,10.0,10.0,10.0,10.0,33.8,33.4,32.1,31.0,28.8,28.3,28.2,28.5,28.8,29.2,29.1,28.7,28.9,28.8,28.2,28.8,28.2,28.3,27.8,27.6,27.7,28.0,28.2,27.9,28.1,28.1,27.6,27.7,28.5,28.0,28.4,28.3,28.5,28.2,28.1,28.4,28.3,28.5,28.1,28.5,28.2,28.5,28.2,28.1,28.3,27.9,28.1,28.4,28.7,28.7,28.6,28.2,28.1,28.1,28.4,28.6,28.5,28.6,28.5,27.9,28.0,28.1,27.6,27.8,28.5,28.3,27.7,27.9,28.6,28.3,27.4,28.0,28.1,27.9,28.1,28.1,28.1,28.2,28.8,29.2,28.9,28.3,28.5,28.8,28.7,28.4,28.7,28.5,28.6,27.8,28.9,28.3,28.5,28.5,28.2,28.6,28.3,29.3,29.6,29.0,29.3,28.7,29.0,30.1,29.3,29.5,29.5,29.5,29.7,29.3,29.0,29.9,29.3,28.9,29.3,29.1,29.6]', '[29.4,28.9,29.4,29.8,30.2,29.4,29.8,29.9,29.4,29.4,29.3,29.1,29.4,28.9,28.9,29.5,29.0,28.4,28.8,29.0,28.4,28.9,28.8,28.5,27.8,27.7,28.1,27.8,28.1,28.1,27.7,28.3,28.1,28.3,28.0,28.3,28.0,28.6,28.1,28.6,28.5,29.2,28.6,28.7,29.8,29.1,29.2,28.9,29.5,29.3,29.7,29.8,29.9,30.4,30.5,30.4,30.4,30.6,30.8,30.8,31.2,30.7,30.5,29.4,28.9,29.7,29.7,28.6,28.4,28.9,30.4,30.2,29.9,28.9,30.6,30.1,28.8,30.8,29.9,29.0,29.3,29.3,28.1,28.2,28.3,27.6,25.9,24.4,24.1,23.5,23.9,24.3,25.7,10.0,10.0,10.0,10.0,10.0,10.0,10.0,10.0,10.0,24.5,23.8,22.8,25.7,27.0,27.0,28.0,27.9,28.6,30.1,31.2,31.5,31.5,30.5,29.9,30.2,29.7,30.4,30.9,32.2,31.2,30.8,31.1,30.3,30.3,30.1,30.0,29.7,29.1,29.3,29.1,29.6,30.5]', 35, 0, 0, '/photo/202507051739_patient_9.png', 'test'),
(13, 9, '2025-07-21 22:30:10', 0, '[32.6,32.4,33.1,32.3,30.2,31.1,30.4,31.8,32.4,33.1,30.0,10.0,10.0,10.0,10.0,10.0,10.0,10.0,33.8,33.4,32.1,31.0,28.8,28.3,28.2,28.5,28.8,29.2,29.1,28.7,28.9,28.8,28.2,28.8,28.2,28.3,27.8,27.6,27.7,28.0,28.2,27.9,28.1,28.1,27.6,27.7,28.5,28.0,28.4,28.3,28.5,28.2,28.1,28.4,28.3,28.5,28.1,28.5,28.2,28.5,28.2,28.1,28.3,27.9,28.1,28.4,28.7,28.7,28.6,28.2,28.1,28.1,28.4,28.6,28.5,28.6,28.5,27.9,28.0,28.1,27.6,27.8,28.5,28.3,27.7,27.9,28.6,28.3,27.4,28.0,28.1,27.9,28.1,28.1,28.1,28.2,28.8,29.2,28.9,28.3,28.5,28.8,28.7,28.4,28.7,28.5,28.6,27.8,28.9,28.3,28.5,28.5,28.2,28.6,28.3,29.3,29.6,29.0,29.3,28.7,29.0,30.1,29.3,29.5,29.5,29.5,29.7,29.3,29.0,29.9,29.3,28.9,29.3,29.1,29.6]', '[29.4,28.9,29.4,29.8,30.2,29.4,29.8,29.9,29.4,29.4,29.3,29.1,29.4,28.9,28.9,29.5,29.0,28.4,28.8,29.0,28.4,28.9,28.8,28.5,27.8,27.7,28.1,27.8,28.1,28.1,27.7,28.3,28.1,28.3,28.0,28.3,28.0,28.6,28.1,28.6,28.5,29.2,28.6,28.7,29.8,29.1,29.2,28.9,29.5,29.3,29.7,29.8,29.9,30.4,30.5,30.4,30.4,30.6,30.8,30.8,31.2,30.7,30.5,29.4,28.9,29.7,29.7,28.6,28.4,28.9,30.4,30.2,29.9,28.9,30.6,30.1,28.8,30.8,29.9,29.0,29.3,29.3,28.1,28.2,28.3,27.6,25.9,24.4,24.1,23.5,23.9,24.3,25.7,10.0,10.0,10.0,10.0,10.0,10.0,10.0,10.0,10.0,24.5,23.8,22.8,25.7,27.0,27.0,28.0,27.9,28.6,30.1,31.2,31.5,31.5,30.5,29.9,30.2,29.7,30.4,30.9,32.2,31.2,30.8,31.1,30.3,30.3,30.1,30.0,29.7,29.1,29.3,29.1,29.6,30.5]', 14, 0, 0, '', '你好'),
(14, 9, '2025-07-21 22:36:38', 0, '[5.2,5.2,5.3,5.1,5.3,5.5,5.3,5.6,5.5,5.7,5.5,5.3,5.5,5.3,5.3,5.6,5.3,5.4,5.3,5.2,5.5,5.6,5.7,5.6,5.5,5.4,5.8,5.3,6.0,5.6,5.5,5.7,5.5,5.7,6.0,5.9,5.9,5.4,5.9,5.9,5.5,5.7,5.5,5.2,5.3]', '[5.6,5.4,5.8,5.7,5.8,5.4,5.8,5.5,5.6,5.8,5.4,5.5,5.5,5.7,5.3,5.8,5.6,5.6,5.7,5.5,5.8,5.8,5.6,5.5,5.7,5.5,5.5,5.5,6.0,5.3,5.7,5.5,5.7,5.7,5.5,5.6,5.5,5.5,5.5,5.4,5.5,5.6,6.0,5.7,5.6]', 108, 0, 0, '', ''),
(15, 9, '2025-07-21 22:41:35', 0, '[17.3,17.3,17.3,17.3,17.0,17.0,17.1,17.2,16.9,16.8,16.6,16.7,16.2,15.4,14.7,13.9,12.9,11.6,10.7,11.3,11.9,11.9,12.0,12.5,12.6,12.2,12.2,12.1,12.0,12.1,12.1,11.9,11.5,11.7,11.0,11.1,11.1,11.1,11.3,11.3,10.8,10.9,10.7,10.1,9.5]', '[9.4,9.4,9.9,10.6,11.1,11.7,11.7,12.1,12.5,12.7,12.7,12.7,13.1,13.1,13.1,13.3,13.5,13.5,13.6,13.4,13.5,13.6,13.4,13.3,13.4,13.0,12.5,11.9,11.6,11.2,10.5,10.7,11.4,11.8,12.6,13.3,13.6,13.8,13.4,13.8,13.8,14.1,14.1,13.7,13.8]', 12, 0, 0, '', '');

-- --------------------------------------------------------

--
-- 資料表結構 `patients`
--

CREATE TABLE `patients` (
  `patient_id` int(11) NOT NULL,
  `line_id` varchar(100) DEFAULT NULL,
  `name` varchar(50) DEFAULT NULL,
  `height` float DEFAULT NULL,
  `gender` enum('Male','Female','Other') DEFAULT NULL,
  `level` varchar(20) DEFAULT NULL,
  `weight` int(10) DEFAULT NULL,
  `start` int(100) NOT NULL,
  `correction` int(100) NOT NULL
) ENGINE=InnoDB DEFAULT CHARSET=utf8mb4 COLLATE=utf8mb4_general_ci;

--
-- 傾印資料表的資料 `patients`
--

INSERT INTO `patients` (`patient_id`, `line_id`, `name`, `height`, `gender`, `level`, `weight`, `start`, `correction`) VALUES
(1, 'U8c2ec195f1507afe1d59302ee3c2b99c', '嗨', 333, 'Male', NULL, 60, 0, 0),
(3, 'U8c2ec195f1507afe1d59302ee3c2b99c', '帥哥', NULL, NULL, NULL, NULL, 0, 0),
(4, 'U8c2ec195f1507afe1d59302ee3c2b99c', '你好', NULL, NULL, NULL, NULL, 0, 0),
(5, 'U8c2ec195f1507afe1d59302ee3c2b99c', '哈哈', NULL, NULL, NULL, NULL, 0, 0),
(6, 'U8c2ec195f1507afe1d59302ee3c2b99c', '哈哈哈', NULL, NULL, NULL, NULL, 0, 0),
(7, 'U8c2ec195f1507afe1d59302ee3c2b99c', '哈哈哈哈', NULL, NULL, NULL, NULL, 0, 0),
(8, 'U8c2ec195f1507afe1d59302ee3c2b99c', '他', NULL, NULL, NULL, NULL, 0, 0),
(9, 'U7e080ae19605039a81f30bc7d48e51ba', '123', 163, 'Male', NULL, 44, 0, 0);

-- --------------------------------------------------------

--
-- 資料表結構 `questionnaire_results`
--

CREATE TABLE `questionnaire_results` (
  `patient_id` int(11) NOT NULL,
  `submission_time` datetime NOT NULL,
  `score` int(11) NOT NULL,
  `q1_a` int(11) DEFAULT NULL,
  `q1_b` int(11) DEFAULT NULL,
  `q2_a` int(11) DEFAULT NULL,
  `q2_b` int(11) DEFAULT NULL,
  `q3_a` int(11) DEFAULT NULL,
  `q3_b` int(11) DEFAULT NULL,
  `q4_a` int(11) DEFAULT NULL,
  `q5_a` int(11) DEFAULT NULL,
  `q5_b` int(11) DEFAULT NULL,
  `q6_a` int(11) DEFAULT NULL,
  `q6_b` int(11) DEFAULT NULL,
  `q7_a` int(11) DEFAULT NULL,
  `q7_b` int(11) DEFAULT NULL,
  `q8_a` int(11) DEFAULT NULL,
  `q8_b` int(11) DEFAULT NULL,
  `q9_a` int(11) DEFAULT NULL,
  `q10_a` int(11) DEFAULT NULL,
  `q10_b` int(11) DEFAULT NULL,
  `q11_a` int(11) DEFAULT NULL,
  `q11_b` int(11) DEFAULT NULL,
  `q12_a` int(11) DEFAULT NULL,
  `q12_b` int(11) DEFAULT NULL,
  `q13_a` int(11) DEFAULT NULL,
  `q13_b` int(11) DEFAULT NULL,
  `q14_a` int(11) DEFAULT NULL
) ENGINE=InnoDB DEFAULT CHARSET=utf8mb4 COLLATE=utf8mb4_general_ci;

--
-- 傾印資料表的資料 `questionnaire_results`
--

INSERT INTO `questionnaire_results` (`patient_id`, `submission_time`, `score`, `q1_a`, `q1_b`, `q2_a`, `q2_b`, `q3_a`, `q3_b`, `q4_a`, `q5_a`, `q5_b`, `q6_a`, `q6_b`, `q7_a`, `q7_b`, `q8_a`, `q8_b`, `q9_a`, `q10_a`, `q10_b`, `q11_a`, `q11_b`, `q12_a`, `q12_b`, `q13_a`, `q13_b`, `q14_a`) VALUES
(1, '2025-05-26 17:16:29', 0, NULL, NULL, NULL, 2, NULL, NULL, 0, NULL, 1, NULL, 1, NULL, NULL, NULL, NULL, 1, NULL, NULL, NULL, NULL, NULL, 3, NULL, NULL, 3),
(1, '2025-05-27 12:19:59', 0, NULL, NULL, NULL, NULL, NULL, 3, 0, NULL, 1, NULL, NULL, NULL, NULL, NULL, NULL, 1, NULL, 4, NULL, 1, NULL, NULL, NULL, NULL, 3),
(1, '2025-05-27 12:27:24', 0, NULL, 1, NULL, 1, NULL, 1, 0, NULL, NULL, NULL, NULL, NULL, NULL, NULL, NULL, 0, NULL, NULL, NULL, NULL, NULL, NULL, NULL, NULL, 5),
(1, '2025-05-27 12:43:16', 0, NULL, 5, NULL, 1, NULL, 5, 1, NULL, 5, NULL, NULL, NULL, 5, NULL, 5, 1, NULL, 5, NULL, 5, NULL, 5, NULL, 5, 5),
(1, '2025-05-27 15:07:40', 0, NULL, 5, NULL, 5, NULL, 5, 5, NULL, 5, NULL, NULL, NULL, 5, NULL, 5, 5, NULL, 5, NULL, 5, NULL, 5, NULL, 5, 5),
(1, '2025-05-27 15:16:44', 0, NULL, NULL, NULL, 5, NULL, 5, 5, NULL, 5, NULL, 5, NULL, 5, NULL, 5, 5, NULL, 5, NULL, 5, NULL, 5, NULL, NULL, 5);

--
-- 已傾印資料表的索引
--

--
-- 資料表索引 `account`
--
ALTER TABLE `account`
  ADD PRIMARY KEY (`username`);

--
-- 資料表索引 `device_table`
--
ALTER TABLE `device_table`
  ADD PRIMARY KEY (`test_id`);

--
-- 資料表索引 `foot_data`
--
ALTER TABLE `foot_data`
  ADD PRIMARY KEY (`id`),
  ADD KEY `patient_id` (`patient_id`);

--
-- 資料表索引 `patients`
--
ALTER TABLE `patients`
  ADD PRIMARY KEY (`patient_id`);

--
-- 資料表索引 `questionnaire_results`
--
ALTER TABLE `questionnaire_results`
  ADD KEY `patient_id` (`patient_id`);

--
-- 在傾印的資料表使用自動遞增(AUTO_INCREMENT)
--

--
-- 使用資料表自動遞增(AUTO_INCREMENT) `foot_data`
--
ALTER TABLE `foot_data`
  MODIFY `id` int(11) NOT NULL AUTO_INCREMENT, AUTO_INCREMENT=16;

--
-- 使用資料表自動遞增(AUTO_INCREMENT) `patients`
--
ALTER TABLE `patients`
  MODIFY `patient_id` int(11) NOT NULL AUTO_INCREMENT, AUTO_INCREMENT=10;
COMMIT;

/*!40101 SET CHARACTER_SET_CLIENT=@OLD_CHARACTER_SET_CLIENT */;
/*!40101 SET CHARACTER_SET_RESULTS=@OLD_CHARACTER_SET_RESULTS */;
/*!40101 SET COLLATION_CONNECTION=@OLD_COLLATION_CONNECTION */;
